RewriteCond %{HTTP_HOST} ^languages\.unimelb\.edu\.au$ [NC]
RewriteRule ^about$ http://languages-linguistics.unimelb.edu.au/about [R=301]
RewriteCond %{HTTP_HOST} ^languages\.unimelb\.edu\.au$ [NC]
RewriteRule ^about/welcome$ http://languages-linguistics.unimelb.edu.au/about/welcome [R=301]
RewriteCond %{HTTP_HOST} ^languages\.unimelb\.edu\.au$ [NC]
RewriteRule ^about/events$ http://languages-linguistics.unimelb.edu.au/about/events [R=301]
RewriteCond %{HTTP_HOST} ^languages\.unimelb\.edu\.au$ [NC]
RewriteRule ^about/staff$ http://languages-linguistics.unimelb.edu.au/about/staff [R=301]
RewriteCond %{HTTP_HOST} ^languages\.unimelb\.edu\.au$ [NC]
RewriteRule ^about/contact$ http://languages-linguistics.unimelb.edu.au/about/contact [R=301]
RewriteCond %{HTTP_HOST} ^languages\.unimelb\.edu\.au$ [NC]
RewriteRule ^about/staff$ http://languages-linguistics.unimelb.edu.au/about/staff [R=301]
RewriteCond %{HTTP_HOST} ^languages\.unimelb\.edu\.au$ [NC]
RewriteRule ^about/staff/academic-staff$ http://languages-linguistics.unimelb.edu.au/staff/academic-staff [R=301]
RewriteCond %{HTTP_HOST} ^languages\.unimelb\.edu\.au$ [NC]
RewriteRule ^about/staff/academic-staff/esl_staff\.html$ http://languages-linguistics.unimelb.edu.au/staff/academic-staff/esl-staff [R=301]
RewriteCond %{HTTP_HOST} ^languages\.unimelb\.edu\.au$ [NC]
RewriteRule ^about/staff/academic-staff/french_staff\.html$ http://languages-linguistics.unimelb.edu.au/staff/academic-staff/french-studies-staff [R=301]
RewriteCond %{HTTP_HOST} ^languages\.unimelb\.edu\.au$ [NC]
RewriteRule ^about/staff/academic-staff/german_staff\.html$ http://languages-linguistics.unimelb.edu.au/staff/academic-staff/german-studies-staff [R=301]
RewriteCond %{HTTP_HOST} ^languages\.unimelb\.edu\.au$ [NC]
RewriteRule ^about/staff/academic-staff/italian_staff\.html$ http://languages-linguistics.unimelb.edu.au/staff/academic-staff/italian-studies-staff [R=301]
RewriteCond %{HTTP_HOST} ^languages\.unimelb\.edu\.au$ [NC]
RewriteRule ^about/staff/academic-staff/russian_staff\.html$ http://languages-linguistics.unimelb.edu.au/staff/academic-staff/russian-studies-staff [R=301]
RewriteCond %{HTTP_HOST} ^languages\.unimelb\.edu\.au$ [NC]
RewriteRule ^about/staff/academic-staff/spanish_latin_american_staff\.html$ http://languages-linguistics.unimelb.edu.au/staff/academic-staff/spanish-and-latin-american-studies-staff [R=301]
RewriteCond %{HTTP_HOST} ^languages\.unimelb\.edu\.au$ [NC]
RewriteRule ^about/staff/academic-staff/swedish_staff\.html$ http://languages-linguistics.unimelb.edu.au/staff/academic-staff/swedish-studies-staff [R=301]
RewriteCond %{HTTP_HOST} ^languages\.unimelb\.edu\.au$ [NC]
RewriteRule ^about/staff/academic-staff/linguistics_staff\.html$ http://languages-linguistics.unimelb.edu.au/staff/academic-staff/linguistics-and-applied-linguistics-staff [R=301]
RewriteCond %{HTTP_HOST} ^languages\.unimelb\.edu\.au$ [NC]
RewriteRule ^about/staff/academic-administrators$ http://languages-linguistics.unimelb.edu.au/staff/academic-administrators [R=301]
RewriteCond %{HTTP_HOST} ^languages\.unimelb\.edu\.au$ [NC]
RewriteRule ^about/staff/professional-staff$ http://languages-linguistics.unimelb.edu.au/staff/professional-staff [R=301]
RewriteCond %{HTTP_HOST} ^languages\.unimelb\.edu\.au$ [NC]
RewriteRule ^about/staff/fellows$ http://languages-linguistics.unimelb.edu.au/staff/fellows [R=301]
RewriteCond %{HTTP_HOST} ^languages\.unimelb\.edu\.au$ [NC]
RewriteRule ^about/staff/profiles/absalom\.html$ http://languages-linguistics.unimelb.edu.au/staff/matthew-absalom [R=301]
RewriteCond %{HTTP_HOST} ^languages\.unimelb\.edu\.au$ [NC]
RewriteRule ^about/staff/profiles/anderson\.html$ http://languages-linguistics.unimelb.edu.au/staff/lara-anderson [R=301]
RewriteCond %{HTTP_HOST} ^languages\.unimelb\.edu\.au$ [NC]
RewriteRule ^about/staff/profiles/andersonbiblio\.html$ http://languages-linguistics.unimelb.edu.au/staff/lara-anderson [R=301]
RewriteCond %{HTTP_HOST} ^languages\.unimelb\.edu\.au$ [NC]
RewriteRule ^about/staff/profiles/baker\.html$ http://languages-linguistics.unimelb.edu.au/staff/brett-baker [R=301]
RewriteCond %{HTTP_HOST} ^languages\.unimelb\.edu\.au$ [NC]
RewriteRule ^about/staff/profiles/bakerbiblio\.html$ http://languages-linguistics.unimelb.edu.au/staff/brett-baker [R=301]
RewriteCond %{HTTP_HOST} ^languages\.unimelb\.edu\.au$ [NC]
RewriteRule ^about/staff/profiles/benbow\.html$ http://languages-linguistics.unimelb.edu.au/staff/heather-benbow [R=301]
RewriteCond %{HTTP_HOST} ^languages\.unimelb\.edu\.au$ [NC]
RewriteRule ^about/staff/profiles/benbowbiblio\.html$ http://languages-linguistics.unimelb.edu.au/staff/heather-benbow [R=301]
RewriteCond %{HTTP_HOST} ^languages\.unimelb\.edu\.au$ [NC]
RewriteRule ^about/staff/profiles/bougeois\.html$ http://languages-linguistics.unimelb.edu.au/staff/bertrand-bourgeois [R=301]
RewriteCond %{HTTP_HOST} ^languages\.unimelb\.edu\.au$ [NC]
RewriteRule ^about/staff/profiles/saintleger\.html$ http://languages-linguistics.unimelb.edu.au/staff/diane-de-saint-léger [R=301]
RewriteCond %{HTTP_HOST} ^languages\.unimelb\.edu\.au$ [NC]
RewriteRule ^about/staff/profiles/do\.html$ http://languages-linguistics.unimelb.edu.au/staff/tess-do [R=301]
RewriteCond %{HTTP_HOST} ^languages\.unimelb\.edu\.au$ [NC]
RewriteRule ^about/staff/profiles/duche\.html$ http://languages-linguistics.unimelb.edu.au/staff/véronique-duché-gavet [R=301]
RewriteCond %{HTTP_HOST} ^languages\.unimelb\.edu\.au$ [NC]
RewriteRule ^about/staff/profiles/duchebiblio\.html$ http://languages-linguistics.unimelb.edu.au/staff/véronique-duché-gavet [R=301]
RewriteCond %{HTTP_HOST} ^languages\.unimelb\.edu\.au$ [NC]
RewriteRule ^about/staff/profiles/dutton\.html$ http://languages-linguistics.unimelb.edu.au/staff/jacqueline-dutton [R=301]
RewriteCond %{HTTP_HOST} ^languages\.unimelb\.edu\.au$ [NC]
RewriteRule ^about/staff/profiles/duttonbiblio\.html$ http://languages-linguistics.unimelb.edu.au/staff/jacqueline-dutton [R=301]
RewriteCond %{HTTP_HOST} ^languages\.unimelb\.edu\.au$ [NC]
RewriteRule ^about/staff/profiles/elder\.html$ http://languages-linguistics.unimelb.edu.au/staff/catherine-elder [R=301]
RewriteCond %{HTTP_HOST} ^languages\.unimelb\.edu\.au$ [NC]
RewriteRule ^about/staff/profiles/favoretto\.html$ http://languages-linguistics.unimelb.edu.au/staff/mara-favoretto [R=301]
RewriteCond %{HTTP_HOST} ^languages\.unimelb\.edu\.au$ [NC]
RewriteRule ^about/staff/profiles/favorettobiblio\.html$ http://languages-linguistics.unimelb.edu.au/staff/mara-favoretto [R=301]
RewriteCond %{HTTP_HOST} ^languages\.unimelb\.edu\.au$ [NC]
RewriteRule ^about/staff/profiles/fletcher\.html$ http://languages-linguistics.unimelb.edu.au/staff/janet-fletcher [R=301]
RewriteCond %{HTTP_HOST} ^languages\.unimelb\.edu\.au$ [NC]
RewriteRule ^about/staff/profiles/giordano\.html$ http://languages-linguistics.unimelb.edu.au/staff/vita-giordano [R=301]
RewriteCond %{HTTP_HOST} ^languages\.unimelb\.edu\.au$ [NC]
RewriteRule ^about/staff/profiles/gruba\.html$ http://languages-linguistics.unimelb.edu.au/staff/paul-gruba [R=301]
RewriteCond %{HTTP_HOST} ^languages\.unimelb\.edu\.au$ [NC]
RewriteRule ^about/staff/profiles/hajek\.html$ http://languages-linguistics.unimelb.edu.au/staff/john-hajek [R=301]
RewriteCond %{HTTP_HOST} ^languages\.unimelb\.edu\.au$ [NC]
RewriteRule ^about/staff/profiles/hajekbiblio\.html$ http://languages-linguistics.unimelb.edu.au/staff/john-hajek [R=301]
RewriteCond %{HTTP_HOST} ^languages\.unimelb\.edu\.au$ [NC]
RewriteRule ^about/staff/profiles/kelly\.html$ http://languages-linguistics.unimelb.edu.au/staff/barbara-kelly [R=301]
RewriteCond %{HTTP_HOST} ^languages\.unimelb\.edu\.au$ [NC]
RewriteRule ^about/staff/profiles/knoch\.html$ http://languages-linguistics.unimelb.edu.au/staff/ute-knoch [R=301]
RewriteCond %{HTTP_HOST} ^languages\.unimelb\.edu\.au$ [NC]
RewriteRule ^about/staff/profiles/knochbiblio\.html$ http://languages-linguistics.unimelb.edu.au/staff/ute-knoch [R=301]
RewriteCond %{HTTP_HOST} ^languages\.unimelb\.edu\.au$ [NC]
RewriteRule ^about/staff/profiles/kretzenbacher\.html$ http://languages-linguistics.unimelb.edu.au/staff/heinz-leonhard-leo-kretzenbacher [R=301]
RewriteCond %{HTTP_HOST} ^languages\.unimelb\.edu\.au$ [NC]
RewriteRule ^about/staff/profiles/lagerberg\.html$ http://languages-linguistics.unimelb.edu.au/staff/robert-john-lagerberg [R=301]
RewriteCond %{HTTP_HOST} ^languages\.unimelb\.edu\.au$ [NC]
RewriteRule ^about/staff/profiles/lang\.html$ http://languages-linguistics.unimelb.edu.au/staff/birgit-lang [R=301]
RewriteCond %{HTTP_HOST} ^languages\.unimelb\.edu\.au$ [NC]
RewriteRule ^about/staff/profiles/langbiblio\.html$ http://languages-linguistics.unimelb.edu.au/staff/birgit-lang [R=301]
RewriteCond %{HTTP_HOST} ^languages\.unimelb\.edu\.au$ [NC]
RewriteRule ^about/staff/profiles/lewis\.html$ http://languages-linguistics.unimelb.edu.au/staff/alison-lewis [R=301]
RewriteCond %{HTTP_HOST} ^languages\.unimelb\.edu\.au$ [NC]
RewriteRule ^about/staff/profiles/lewisbiblio\.html$ http://languages-linguistics.unimelb.edu.au/staff/alison-lewis [R=301]
RewriteCond %{HTTP_HOST} ^languages\.unimelb\.edu\.au$ [NC]
RewriteRule ^about/staff/profiles/loakes\.html$ http://languages-linguistics.unimelb.edu.au/staff/debbie-loakes [R=301]
RewriteCond %{HTTP_HOST} ^languages\.unimelb\.edu\.au$ [NC]
RewriteRule ^about/staff/profiles/macqueen\.html$ http://languages-linguistics.unimelb.edu.au/staff/susy-macqueen [R=301]
RewriteCond %{HTTP_HOST} ^languages\.unimelb\.edu\.au$ [NC]
RewriteRule ^about/staff/profiles/martinez\.html$ http://languages-linguistics.unimelb.edu.au/staff/alfredo-martinez-exposito [R=301]
RewriteCond %{HTTP_HOST} ^languages\.unimelb\.edu\.au$ [NC]
RewriteRule ^about/staff/profiles/martinezbiblio\.html$ http://languages-linguistics.unimelb.edu.au/staff/alfredo-martinez-exposito [R=301]
RewriteCond %{HTTP_HOST} ^languages\.unimelb\.edu\.au$ [NC]
RewriteRule ^about/staff/profiles/mcgregor\.html$ http://languages-linguistics.unimelb.edu.au/staff/andrew-mcgregor [R=301]
RewriteCond %{HTTP_HOST} ^languages\.unimelb\.edu\.au$ [NC]
RewriteRule ^about/staff/profiles/mcnamara\.html$ http://languages-linguistics.unimelb.edu.au/staff/tim-mcnamara [R=301]
RewriteCond %{HTTP_HOST} ^languages\.unimelb\.edu\.au$ [NC]
RewriteRule ^about/staff/profiles/mcnamarabiblio\.html$ http://languages-linguistics.unimelb.edu.au/staff/tim-mcnamara [R=301]
RewriteCond %{HTTP_HOST} ^languages\.unimelb\.edu\.au$ [NC]
RewriteRule ^about/staff/profiles/mera\.html$ http://languages-linguistics.unimelb.edu.au/staff/henry-méra [R=301]
RewriteCond %{HTTP_HOST} ^languages\.unimelb\.edu\.au$ [NC]
RewriteRule ^about/staff/profiles/morton\.html$ http://languages-linguistics.unimelb.edu.au/staff/janne-morton [R=301]
RewriteCond %{HTTP_HOST} ^languages\.unimelb\.edu\.au$ [NC]
RewriteRule ^about/staff/profiles/mulder\.html$ http://languages-linguistics.unimelb.edu.au/staff/jean-mulder [R=301]
RewriteCond %{HTTP_HOST} ^languages\.unimelb\.edu\.au$ [NC]
RewriteRule ^about/staff/profiles/nordlinger\.html$ http://languages-linguistics.unimelb.edu.au/staff/rachel-nordlinger [R=301]
RewriteCond %{HTTP_HOST} ^languages\.unimelb\.edu\.au$ [NC]
RewriteRule ^about/staff/profiles/perez\.html$ http://languages-linguistics.unimelb.edu.au/staff/vicente-perez-de-leon [R=301]
RewriteCond %{HTTP_HOST} ^languages\.unimelb\.edu\.au$ [NC]
RewriteRule ^about/staff/profiles/rizzi\.html$ http://languages-linguistics.unimelb.edu.au/staff/andrea-rizzi [R=301]
RewriteCond %{HTTP_HOST} ^languages\.unimelb\.edu\.au$ [NC]
RewriteRule ^about/staff/profiles/roever\.html$ http://languages-linguistics.unimelb.edu.au/staff/carsten-roever [R=301]
RewriteCond %{HTTP_HOST} ^languages\.unimelb\.edu\.au$ [NC]
RewriteRule ^about/staff/profiles/roeverbiblio\.html$ http://languages-linguistics.unimelb.edu.au/staff/carsten-roever [R=301]
RewriteCond %{HTTP_HOST} ^languages\.unimelb\.edu\.au$ [NC]
RewriteRule ^about/staff/profiles/singer\.html$ http://languages-linguistics.unimelb.edu.au/staff/ruth-singer [R=301]
RewriteCond %{HTTP_HOST} ^languages\.unimelb\.edu\.au$ [NC]
RewriteRule ^about/staff/profiles/stirling\.html$ http://languages-linguistics.unimelb.edu.au/staff/lesley-stirling [R=301]
RewriteCond %{HTTP_HOST} ^languages\.unimelb\.edu\.au$ [NC]
RewriteRule ^about/staff/profiles/storch\.html$ http://languages-linguistics.unimelb.edu.au/staff/neomy-storch [R=301]
RewriteCond %{HTTP_HOST} ^languages\.unimelb\.edu\.au$ [NC]
RewriteRule ^about/staff/profiles/storchbiblio\.html$ http://languages-linguistics.unimelb.edu.au/staff/neomy-storch [R=301]
RewriteCond %{HTTP_HOST} ^languages\.unimelb\.edu\.au$ [NC]
RewriteRule ^about/staff/profiles/sutton\.html$ http://languages-linguistics.unimelb.edu.au/staff/katie-sutton [R=301]
RewriteCond %{HTTP_HOST} ^languages\.unimelb\.edu\.au$ [NC]
RewriteRule ^about/staff/profiles/thieberger\.html$ http://languages-linguistics.unimelb.edu.au/staff/nick-thieberger [R=301]
RewriteCond %{HTTP_HOST} ^languages\.unimelb\.edu\.au$ [NC]
RewriteRule ^about/staff/profiles/thiebergerbiblio\.html$ http://languages-linguistics.unimelb.edu.au/staff/nick-thieberger [R=301]
RewriteCond %{HTTP_HOST} ^languages\.unimelb\.edu\.au$ [NC]
RewriteRule ^about/staff/profiles/thompson\.html$ http://languages-linguistics.unimelb.edu.au/staff/celia-thompson [R=301]
RewriteCond %{HTTP_HOST} ^languages\.unimelb\.edu\.au$ [NC]
RewriteRule ^about/staff/profiles/thompsonbiblio\.html$ http://languages-linguistics.unimelb.edu.au/staff/celia-thompson [R=301]
RewriteCond %{HTTP_HOST} ^languages\.unimelb\.edu\.au$ [NC]
RewriteRule ^about/staff/profiles/wigglesworth\.html$ http://languages-linguistics.unimelb.edu.au/staff/gillian-wigglesworth [R=301]
RewriteCond %{HTTP_HOST} ^languages\.unimelb\.edu\.au$ [NC]
RewriteRule ^about/staff/profiles/duckworth\.html$ http://languages-linguistics.unimelb.edu.au/staff/colin-duckworth [R=301]
RewriteCond %{HTTP_HOST} ^languages\.unimelb\.edu\.au$ [NC]
RewriteRule ^about/staff/profiles/forsyth\.html$ http://languages-linguistics.unimelb.edu.au/staff/elliott-forsyth [R=301]
RewriteCond %{HTTP_HOST} ^languages\.unimelb\.edu\.au$ [NC]
RewriteRule ^about/staff/profiles/freadman\.html$ http://languages-linguistics.unimelb.edu.au/staff/anne-freadman [R=301]
RewriteCond %{HTTP_HOST} ^languages\.unimelb\.edu\.au$ [NC]
RewriteRule ^about/staff/profiles/kolsky\.html$ http://languages-linguistics.unimelb.edu.au/staff/stephen-kolsky [R=301]
RewriteCond %{HTTP_HOST} ^languages\.unimelb\.edu\.au$ [NC]
RewriteRule ^about/staff/profiles/nettelbeck\.html$ http://languages-linguistics.unimelb.edu.au/staff/colin-nettelbeck [R=301]
RewriteCond %{HTTP_HOST} ^languages\.unimelb\.edu\.au$ [NC]
RewriteRule ^research$ http://languages-linguistics.unimelb.edu.au/research [R=301]
RewriteCond %{HTTP_HOST} ^languages\.unimelb\.edu\.au$ [NC]
RewriteRule ^research/areas$ http://languages-linguistics.unimelb.edu.au/research/areas [R=301]
RewriteCond %{HTTP_HOST} ^languages\.unimelb\.edu\.au$ [NC]
RewriteRule ^research/seminars$ http://languages-linguistics.unimelb.edu.au/research/seminars [R=301]
RewriteCond %{HTTP_HOST} ^languages\.unimelb\.edu\.au$ [NC]
RewriteRule ^research/seminars/previous$ http://languages-linguistics.unimelb.edu.au/research/seminars-archive [R=301]
RewriteCond %{HTTP_HOST} ^languages\.unimelb\.edu\.au$ [NC]
RewriteRule ^research/projects$ http://languages-linguistics.unimelb.edu.au/research/projects [R=301]
RewriteCond %{HTTP_HOST} ^languages\.unimelb\.edu\.au$ [NC]
RewriteRule ^research/projects/lamp$ http://languages-linguistics.unimelb.edu.au/projects/lamp [R=301]
RewriteCond %{HTTP_HOST} ^languages\.unimelb\.edu\.au$ [NC]
RewriteRule ^research/projects/lamp/people\.html$ http://languages-linguistics.unimelb.edu.au/projects/lamp-people [R=301]
RewriteCond %{HTTP_HOST} ^languages\.unimelb\.edu\.au$ [NC]
RewriteRule ^research/projects/lamp/graduate-researchers\.html$ http://languages-linguistics.unimelb.edu.au/projects/lamp-graduate [R=301]
RewriteCond %{HTTP_HOST} ^languages\.unimelb\.edu\.au$ [NC]
RewriteRule ^research/projects/lamp/publications\.html$ http://languages-linguistics.unimelb.edu.au/projects/lamp-publications [R=301]
RewriteCond %{HTTP_HOST} ^languages\.unimelb\.edu\.au$ [NC]
RewriteRule ^research/projects/bates\.html$ http://languages-linguistics.unimelb.edu.au/projects/bates [R=301]
RewriteCond %{HTTP_HOST} ^languages\.unimelb\.edu\.au$ [NC]
RewriteRule ^research/projects/reciprocals$ http://languages-linguistics.unimelb.edu.au/projects/reciprocals [R=301]
RewriteCond %{HTTP_HOST} ^languages\.unimelb\.edu\.au$ [NC]
RewriteRule ^research/projects/reciprocals/papers\.html$ http://languages-linguistics.unimelb.edu.au/projects/reciprocals-papers [R=301]
RewriteCond %{HTTP_HOST} ^languages\.unimelb\.edu\.au$ [NC]
RewriteRule ^research/projects/reciprocals/seminars\.html$ http://languages-linguistics.unimelb.edu.au/projects/reciprocals-seminars [R=301]
RewriteCond %{HTTP_HOST} ^languages\.unimelb\.edu\.au$ [NC]
RewriteRule ^research/projects/reciprocals/personnel\.html$ http://languages-linguistics.unimelb.edu.au/projects/reciprocals-personnel [R=301]
RewriteCond %{HTTP_HOST} ^languages\.unimelb\.edu\.au$ [NC]
RewriteRule ^Areas-of-study$ http://languages-linguistics.unimelb.edu.au/areas [R=301]
RewriteCond %{HTTP_HOST} ^languages\.unimelb\.edu\.au$ [NC]
RewriteRule ^areas/esl$ http://languages-linguistics.unimelb.edu.au/areas/esl [R=301]
RewriteCond %{HTTP_HOST} ^languages\.unimelb\.edu\.au$ [NC]
RewriteRule ^areas-of-study/european-studies$ http://languages-linguistics.unimelb.edu.au/areas/european [R=301]
RewriteCond %{HTTP_HOST} ^languages\.unimelb\.edu\.au$ [NC]
RewriteRule ^undergraduate$ http://languages-linguistics.unimelb.edu.au/students/undergraduate [R=301]
RewriteCond %{HTTP_HOST} ^languages\.unimelb\.edu\.au$ [NC]
RewriteRule ^undergraduate/study-options$ http://languages-linguistics.unimelb.edu.au/undergraduate/study-options [R=301]
RewriteCond %{HTTP_HOST} ^languages\.unimelb\.edu\.au$ [NC]
RewriteRule ^undergraduate/info-current-students$ http://languages-linguistics.unimelb.edu.au/students/undergraduate [R=301]
RewriteCond %{HTTP_HOST} ^languages\.unimelb\.edu\.au$ [NC]
RewriteRule ^undergraduate/info-current-students/policies\.html$ http://languages-linguistics.unimelb.edu.au/undergraduate/policies [R=301]
RewriteCond %{HTTP_HOST} ^languages\.unimelb\.edu\.au$ [NC]
RewriteRule ^undergraduate/info-current-students/generic\.html$ http://languages-linguistics.unimelb.edu.au/undergraduate/generic-skills [R=301]
RewriteCond %{HTTP_HOST} ^languages\.unimelb\.edu\.au$ [NC]
RewriteRule ^undergraduate/honours$ http://languages-linguistics.unimelb.edu.au/students/honours [R=301]
RewriteCond %{HTTP_HOST} ^languages\.unimelb\.edu\.au$ [NC]
RewriteRule ^undergraduate/honours/enrolment\.html$ http://languages-linguistics.unimelb.edu.au/honours/enrolment [R=301]
RewriteCond %{HTTP_HOST} ^languages\.unimelb\.edu\.au$ [NC]
RewriteRule ^undergraduate/honours/honours-experience\.html$ http://languages-linguistics.unimelb.edu.au/honours/experience [R=301]
RewriteCond %{HTTP_HOST} ^languages\.unimelb\.edu\.au$ [NC]
RewriteRule ^undergraduate/honours/study-abroad\.html$ http://languages-linguistics.unimelb.edu.au/honours/study-abroad [R=301]
RewriteCond %{HTTP_HOST} ^languages\.unimelb\.edu\.au$ [NC]
RewriteRule ^undergraduate/honours/thesis\.html$ http://languages-linguistics.unimelb.edu.au/honours/thesis [R=301]
RewriteCond %{HTTP_HOST} ^languages\.unimelb\.edu\.au$ [NC]
RewriteRule ^undergraduate/honours/german-topics\.html$ http://languages-linguistics.unimelb.edu.au/honours/german-theses [R=301]
RewriteCond %{HTTP_HOST} ^languages\.unimelb\.edu\.au$ [NC]
RewriteRule ^postgraduate$ http://languages-linguistics.unimelb.edu.au/students/graduate [R=301]
RewriteCond %{HTTP_HOST} ^languages\.unimelb\.edu\.au$ [NC]
RewriteRule ^postgraduate/study-options$ http://languages-linguistics.unimelb.edu.au/graduate/study-options [R=301]
RewriteCond %{HTTP_HOST} ^languages\.unimelb\.edu\.au$ [NC]
RewriteRule ^postgraduate/support/facilities$ http://languages-linguistics.unimelb.edu.au/graduate/facilities-resources [R=301]
RewriteCond %{HTTP_HOST} ^languages\.unimelb\.edu\.au$ [NC]
RewriteRule ^postgraduate/support$ http://languages-linguistics.unimelb.edu.au/graduate/support-funding [R=301]
RewriteCond %{HTTP_HOST} ^languages\.unimelb\.edu\.au$ [NC]
RewriteRule ^postgraduate/support/schemes$ http://languages-linguistics.unimelb.edu.au/graduate/funding-schemes [R=301]
RewriteCond %{HTTP_HOST} ^languages\.unimelb\.edu\.au$ [NC]
RewriteRule ^postgraduate/travel$ http://languages-linguistics.unimelb.edu.au/graduate/student-travel [R=301]
RewriteCond %{HTTP_HOST} ^languages\.unimelb\.edu\.au$ [NC]
RewriteRule ^postgraduate/travel/fieldwork\.html$ http://languages-linguistics.unimelb.edu.au/graduate/fieldwork-risk [R=301]
RewriteCond %{HTTP_HOST} ^languages\.unimelb\.edu\.au$ [NC]
RewriteRule ^postgraduate/travel/fieldwork-plan\.html$ http://languages-linguistics.unimelb.edu.au/graduate/fieldwork-plan [R=301]
RewriteCond %{HTTP_HOST} ^languages\.unimelb\.edu\.au$ [NC]
RewriteRule ^undergraduate/mgl-scholarships$ http://languages-linguistics.unimelb.edu.au/scholarships/undergraduate [R=301]
RewriteCond %{HTTP_HOST} ^languages\.unimelb\.edu\.au$ [NC]
RewriteRule ^about/careers$ http://languages-linguistics.unimelb.edu.au/students/careers [R=301]
RewriteCond %{HTTP_HOST} ^languages\.unimelb\.edu\.au$ [NC]
RewriteRule ^community$ http://languages-linguistics.unimelb.edu.au/community [R=301]
RewriteCond %{HTTP_HOST} ^languages\.unimelb\.edu\.au$ [NC]
RewriteRule ^community/vce-kit$ http://languages-linguistics.unimelb.edu.au/community/vce [R=301]
RewriteCond %{HTTP_HOST} ^languages\.unimelb\.edu\.au$ [NC]
RewriteRule ^community/frenchtrust/candidates\.html$ http://languages-linguistics.unimelb.edu.au/frenchtrust/candidates [R=301]
RewriteCond %{HTTP_HOST} ^languages\.unimelb\.edu\.au$ [NC]
RewriteRule ^community/frenchtrust/news-events\.html$ http://languages-linguistics.unimelb.edu.au/frenchtrust/news-events [R=301]
RewriteCond %{HTTP_HOST} ^languages\.unimelb\.edu\.au$ [NC]
RewriteRule ^community/frenchtrust/annual-report\.html$ http://languages-linguistics.unimelb.edu.au/frenchtrust/report [R=301]
RewriteCond %{HTTP_HOST} ^languages\.unimelb\.edu\.au$ [NC]
RewriteRule ^community/frenchtrust$ http://languages-linguistics.unimelb.edu.au/community/frenchtrust [R=301]
RewriteCond %{HTTP_HOST} ^languages\.unimelb\.edu\.au$ [NC]
RewriteRule ^community/frenchtrust/french-at-melbourne\.html$ http://languages-linguistics.unimelb.edu.au/frenchtrust/french-at-melbourne [R=301]
RewriteCond %{HTTP_HOST} ^languages\.unimelb\.edu\.au$ [NC]
RewriteRule ^community/ecoute-melbourne$ http://languages-linguistics.unimelb.edu.au/community/podtour [R=301]
RewriteCond %{HTTP_HOST} ^fritss\.unimelb\.edu\.au$ [NC]
RewriteRule ^undergraduate/french$ http://languages-linguistics.unimelb.edu.au/french/study-options [R=301]
RewriteCond %{HTTP_HOST} ^fritss\.unimelb\.edu\.au$ [NC]
RewriteRule ^studyabroad/french$ http://languages-linguistics.unimelb.edu.au/study-abroad-exchange/french [R=301]
RewriteCond %{HTTP_HOST} ^fritss\.unimelb\.edu\.au$ [NC]
RewriteRule ^activities/links/isfar\.html$ http://languages-linguistics.unimelb.edu.au/french/isfar [R=301]
RewriteCond %{HTTP_HOST} ^fritss\.unimelb\.edu\.au$ [NC]
RewriteRule ^undergraduate/italian$ http://languages-linguistics.unimelb.edu.au/italian/study-options [R=301]
RewriteCond %{HTTP_HOST} ^fritss\.unimelb\.edu\.au$ [NC]
RewriteRule ^studyabroad/italian$ http://languages-linguistics.unimelb.edu.au/study-abroad-exchange/italian [R=301]
RewriteCond %{HTTP_HOST} ^fritss\.unimelb\.edu\.au$ [NC]
RewriteRule ^studyabroad$ http://languages-linguistics.unimelb.edu.au/students/study-abroad-exchange [R=301]
RewriteCond %{HTTP_HOST} ^fritss\.unimelb\.edu\.au$ [NC]
RewriteRule ^undergraduate/spanish-latin-american$ http://languages-linguistics.unimelb.edu.au/spanish-latin-american/study-options [R=301]
RewriteCond %{HTTP_HOST} ^fritss\.unimelb\.edu\.au$ [NC]
RewriteRule ^studyabroad/spanish$ http://languages-linguistics.unimelb.edu.au/study-abroad-exchange/spanish-latin-american [R=301]
RewriteCond %{HTTP_HOST} ^fritss\.unimelb\.edu\.au$ [NC]
RewriteRule ^undergraduate$ http://languages-linguistics.unimelb.edu.au/students/undergraduate [R=301]
RewriteCond %{HTTP_HOST} ^fritss\.unimelb\.edu\.au$ [NC]
RewriteRule ^undergraduate/honours$ http://languages-linguistics.unimelb.edu.au/students/honours [R=301]
RewriteCond %{HTTP_HOST} ^fritss\.unimelb\.edu\.au$ [NC]
RewriteRule ^activities/extension$ http://languages-linguistics.unimelb.edu.au/community/umep [R=301]
RewriteCond %{HTTP_HOST} ^grs\.unimelb\.edu\.au$ [NC]
RewriteRule ^study_areas/german\.html$ http://languages-linguistics.unimelb.edu.au/areas/german [R=301]
RewriteCond %{HTTP_HOST} ^grs\.unimelb\.edu\.au$ [NC]
RewriteRule ^undergraduate/german\.html$ http://languages-linguistics.unimelb.edu.au/german/study-option [R=301]
RewriteCond %{HTTP_HOST} ^grs\.unimelb\.edu\.au$ [NC]
RewriteRule ^undergraduate/study_abroad\.html$ http://languages-linguistics.unimelb.edu.au/students/study-abroad-exchange [R=301]
RewriteCond %{HTTP_HOST} ^grs\.unimelb\.edu\.au$ [NC]
RewriteRule ^activities_and_links/$ http://languages-linguistics.unimelb.edu.au/german/activities-links [R=301]
RewriteCond %{HTTP_HOST} ^grs\.unimelb\.edu\.au$ [NC]
RewriteRule ^activities_and_links/links\.html$ http://languages-linguistics.unimelb.edu.au/german/external-links [R=301]
RewriteCond %{HTTP_HOST} ^grs\.unimelb\.edu\.au$ [NC]
RewriteRule ^study_areas/russian\.html$ http://languages-linguistics.unimelb.edu.au/areas/russian [R=301]
RewriteCond %{HTTP_HOST} ^grs\.unimelb\.edu\.au$ [NC]
RewriteRule ^undergraduate/russian\.html$ http://languages-linguistics.unimelb.edu.au/russian/study-options [R=301]
RewriteCond %{HTTP_HOST} ^grs\.unimelb\.edu\.au$ [NC]
RewriteRule ^study_areas/swedish\.html$ http://languages-linguistics.unimelb.edu.au/areas/swedish [R=301]
RewriteCond %{HTTP_HOST} ^grs\.unimelb\.edu\.au$ [NC]
RewriteRule ^undergraduate/swedish\.html$ http://languages-linguistics.unimelb.edu.au/swedish/study-options [R=301]
RewriteCond %{HTTP_HOST} ^grs\.unimelb\.edu\.au$ [NC]
RewriteRule ^undergraduate/swedish_online\.html$ http://languages-linguistics.unimelb.edu.au/swedish/study-options [R=301]
RewriteCond %{HTTP_HOST} ^grs\.unimelb\.edu\.au$ [NC]
RewriteRule ^undergraduate/$ http://languages-linguistics.unimelb.edu.au/students/undergraduate [R=301]
RewriteCond %{HTTP_HOST} ^grs\.unimelb\.edu\.au$ [NC]
RewriteRule ^undergraduate/scholarships\.html$ http://languages-linguistics.unimelb.edu.au/scholarships/undergraduate [R=301]
RewriteCond %{HTTP_HOST} ^grs\.unimelb\.edu\.au$ [NC]
RewriteRule ^postgraduate/scholarships\.html$ http://languages-linguistics.unimelb.edu.au/scholarships/graduate [R=301]
RewriteCond %{HTTP_HOST} ^linguistics\.unimelb\.edu\.au$ [NC]
RewriteRule ^areas$ http://languages-linguistics.unimelb.edu.au/areas [R=301]
RewriteCond %{HTTP_HOST} ^linguistics\.unimelb\.edu\.au$ [NC]
RewriteRule ^areas/ling_appling$ http://languages-linguistics.unimelb.edu.au/linguistics-applied-linguistics/study-options [R=301]
RewriteCond %{HTTP_HOST} ^linguistics\.unimelb\.edu\.au$ [NC]
RewriteRule ^areas/esl$ http://languages-linguistics.unimelb.edu.au/areas/esl [R=301]
RewriteCond %{HTTP_HOST} ^linguistics\.unimelb\.edu\.au$ [NC]
RewriteRule ^undergraduate$ http://languages-linguistics.unimelb.edu.au/students/undergraduate [R=301]
RewriteCond %{HTTP_HOST} ^linguistics\.unimelb\.edu\.au$ [NC]
RewriteRule ^undergraduate/options$ http://languages-linguistics.unimelb.edu.au/undergraduate/study-options [R=301]
RewriteCond %{HTTP_HOST} ^linguistics\.unimelb\.edu\.au$ [NC]
RewriteRule ^undergraduate/honours$ http://languages-linguistics.unimelb.edu.au/honours/linguistics-applied-linguistics [R=301]
RewriteCond %{HTTP_HOST} ^linguistics\.unimelb\.edu\.au$ [NC]
RewriteRule ^postgraduate/coursework$ http://languages-linguistics.unimelb.edu.au/graduate/coursework [R=301]
RewriteCond %{HTTP_HOST} ^linguistics\.unimelb\.edu\.au$ [NC]
RewriteRule ^postgraduate/research$ http://languages-linguistics.unimelb.edu.au/graduate/research [R=301]
RewriteCond %{HTTP_HOST} ^linguistics\.unimelb\.edu\.au$ [NC]
RewriteRule ^postgraduate/coursework/masters$ http://languages-linguistics.unimelb.edu.au/graduate/ma-applied-linguistics [R=301]
RewriteCond %{HTTP_HOST} ^linguistics\.unimelb\.edu\.au$ [NC]
RewriteRule ^postgraduate/coursework/masters/online\.html$ http://languages-linguistics.unimelb.edu.au/graduate/ma-applied-linguistics-online [R=301]
RewriteCond %{HTTP_HOST} ^linguistics\.unimelb\.edu\.au$ [NC]
RewriteRule ^undergraduate/careers$ http://languages-linguistics.unimelb.edu.au/careers/linguistics-applied-linguistics [R=301]
RewriteCond %{HTTP_HOST} ^linguistics\.unimelb\.edu\.au$ [NC]
RewriteRule ^research/projects$ http://languages-linguistics.unimelb.edu.au/research/projects [R=301]
RewriteCond %{HTTP_HOST} ^linguistics\.unimelb\.edu\.au$ [NC]
RewriteRule ^research/projects/ACLA2$ http://languages-linguistics.unimelb.edu.au/projects/acla2 [R=301]
RewriteCond %{HTTP_HOST} ^linguistics\.unimelb\.edu\.au$ [NC]
RewriteRule ^research/projects/ACLA2/about\.html$ http://languages-linguistics.unimelb.edu.au/projects/acla2-about [R=301]
RewriteCond %{HTTP_HOST} ^linguistics\.unimelb\.edu\.au$ [NC]
RewriteRule ^research/projects/ACLA2/events\.html$ http://languages-linguistics.unimelb.edu.au/projects/acla2-events [R=301]
RewriteCond %{HTTP_HOST} ^linguistics\.unimelb\.edu\.au$ [NC]
RewriteRule ^research/projects/ACLA2/contact\.html$ http://languages-linguistics.unimelb.edu.au/projects/acla2-acquisition [R=301]
RewriteCond %{HTTP_HOST} ^linguistics\.unimelb\.edu\.au$ [NC]
RewriteRule ^research/projects/ACLA2/regions\.html$ http://languages-linguistics.unimelb.edu.au/projects/acla2-regions [R=301]
RewriteCond %{HTTP_HOST} ^linguistics\.unimelb\.edu\.au$ [NC]
RewriteRule ^research/projects/ACLA2/languages\.html$ http://languages-linguistics.unimelb.edu.au/projects/acla2-languages [R=301]
RewriteCond %{HTTP_HOST} ^linguistics\.unimelb\.edu\.au$ [NC]
RewriteRule ^research/projects/ACLA2/people\.html$ http://languages-linguistics.unimelb.edu.au/projects/acla2-people [R=301]
RewriteCond %{HTTP_HOST} ^linguistics\.unimelb\.edu\.au$ [NC]
RewriteRule ^research/projects/ACLA2/publications\.html$ http://languages-linguistics.unimelb.edu.au/projects/acla2-publications [R=301]
RewriteCond %{HTTP_HOST} ^linguistics\.unimelb\.edu\.au$ [NC]
RewriteRule ^research/projects/ACLA2/contact_us\.html$ http://languages-linguistics.unimelb.edu.au/projects/acla2-contact [R=301]
RewriteCond %{HTTP_HOST} ^linguistics\.unimelb\.edu\.au$ [NC]
RewriteRule ^research/projects/ACLA2/links\.html$ http://languages-linguistics.unimelb.edu.au/projects/acla2-links [R=301]
RewriteCond %{HTTP_HOST} ^linguistics\.unimelb\.edu\.au$ [NC]
RewriteRule ^research/projects/austalk\.html$ http://languages-linguistics.unimelb.edu.au/projects/austalk [R=301]
RewriteCond %{HTTP_HOST} ^linguistics\.unimelb\.edu\.au$ [NC]
RewriteRule ^research/projects/greatthings\.html$ http://languages-linguistics.unimelb.edu.au/projects/great-things [R=301]
RewriteCond %{HTTP_HOST} ^linguistics\.unimelb\.edu\.au$ [NC]
RewriteRule ^research/projects/eopas$ http://languages-linguistics.unimelb.edu.au/projects/eopas [R=301]
RewriteCond %{HTTP_HOST} ^linguistics\.unimelb\.edu\.au$ [NC]
RewriteRule ^research/projects/eopas/eopas-reqs\.html$ http://languages-linguistics.unimelb.edu.au/projects/eopas-system [R=301]
RewriteCond %{HTTP_HOST} ^linguistics\.unimelb\.edu\.au$ [NC]
RewriteRule ^research/projects/eopas/98015A\.htm$ http://languages-linguistics.unimelb.edu.au/research/projects/eopas-media [R=301]
RewriteCond %{HTTP_HOST} ^linguistics\.unimelb\.edu\.au$ [NC]
RewriteRule ^research/projects/eopas/octopus-and-rat\.html$ http://languages-linguistics.unimelb.edu.au/research/projects/continuous-text-single-media-file [R=301]
RewriteCond %{HTTP_HOST} ^linguistics\.unimelb\.edu\.au$ [NC]
RewriteRule ^research/projects/lang_documentation$ http://languages-linguistics.unimelb.edu.au/projects/documentation [R=301]
RewriteCond %{HTTP_HOST} ^linguistics\.unimelb\.edu\.au$ [NC]
RewriteRule ^research/phonetics$ http://languages-linguistics.unimelb.edu.au/centres/phonetics [R=301]
