RewriteRule	^OLD FILE PATH$	NEW FILE PATH [L,R=301]
RewriteRule	^/about/staff/academic-staff$	/staff/academic-staff [L,R=301]
RewriteRule	^/about/staff/academic-staff/esl_staff\.html$	/staff/academic-staff/esl-staff [L,R=301]
RewriteRule	^/about/staff/academic-staff/french_staff\.html$	/staff/academic-staff/french-studies-staff [L,R=301]
RewriteRule	^/about/staff/academic-staff/german_staff\.html$	/staff/academic-staff/german-studies-staff [L,R=301]
RewriteRule	^/about/staff/academic-staff/italian_staff\.html$	/staff/academic-staff/italian-studies-staff [L,R=301]
RewriteRule	^/about/staff/academic-staff/russian_staff\.html$	/staff/academic-staff/russian-studies-staff [L,R=301]
RewriteRule	^/about/staff/academic-staff/spanish_latin_american_staff\.html$	/staff/academic-staff/spanish-and-latin-american-studies-staff [L,R=301]
RewriteRule	^/about/staff/academic-staff/swedish_staff\.html$	/staff/academic-staff/swedish-studies-staff [L,R=301]
RewriteRule	^/about/staff/academic-staff/linguistics_staff\.html$	/staff/academic-staff/linguistics-and-applied-linguistics-staff [L,R=301]
RewriteRule	^/about/staff/academic-administrators$	/staff/academic-administrators [L,R=301]
RewriteRule	^/about/staff/professional-staff$	/staff/professional-staff [L,R=301]
RewriteRule	^/about/staff/fellows$	/staff/fellows [L,R=301]
RewriteRule	^/about/staff/profiles/absalom\.html$	/staff/matthew-absalom [L,R=301]
RewriteRule	^/about/staff/profiles/anderson\.html$	/staff/lara-anderson [L,R=301]
RewriteRule	^/about/staff/profiles/andersonbiblio\.html$	/staff/lara-anderson [L,R=301]
RewriteRule	^/about/staff/profiles/baker\.html$	/staff/brett-baker [L,R=301]
RewriteRule	^/about/staff/profiles/bakerbiblio\.html$	/staff/brett-baker [L,R=301]
RewriteRule	^/about/staff/profiles/benbow\.html$	/staff/heather-benbow [L,R=301]
RewriteRule	^/about/staff/profiles/benbowbiblio\.html$	/staff/heather-benbow [L,R=301]
RewriteRule	^/about/staff/profiles/bougeois\.html$	/staff/bertrand-bourgeois [L,R=301]
RewriteRule	^/about/staff/profiles/saintleger\.html$	/staff/diane-de-saint-léger [L,R=301]
RewriteRule	^/about/staff/profiles/do\.html$	/staff/tess-do [L,R=301]
RewriteRule	^/about/staff/profiles/duche\.html$	/staff/véronique-duché-gavet [L,R=301]
RewriteRule	^/about/staff/profiles/duchebiblio\.html$	/staff/véronique-duché-gavet [L,R=301]
RewriteRule	^/about/staff/profiles/dutton\.html$	/staff/jacqueline-dutton [L,R=301]
RewriteRule	^/about/staff/profiles/duttonbiblio\.html$	/staff/jacqueline-dutton [L,R=301]
RewriteRule	^/about/staff/profiles/elder\.html$	/staff/catherine-elder [L,R=301]
RewriteRule	^/about/staff/profiles/favoretto\.html$	/staff/mara-favoretto [L,R=301]
RewriteRule	^/about/staff/profiles/favorettobiblio\.html$	/staff/mara-favoretto [L,R=301]
RewriteRule	^/about/staff/profiles/fletcher\.html$	/staff/janet-fletcher [L,R=301]
RewriteRule	^/about/staff/profiles/giordano\.html$	/staff/vita-giordano [L,R=301]
RewriteRule	^/about/staff/profiles/gruba\.html$	/staff/paul-gruba [L,R=301]
RewriteRule	^/about/staff/profiles/hajek\.html$	/staff/john-hajek [L,R=301]
RewriteRule	^/about/staff/profiles/hajekbiblio\.html$	/staff/john-hajek [L,R=301]
RewriteRule	^/about/staff/profiles/kelly\.html$	/staff/barbara-kelly [L,R=301]
RewriteRule	^/about/staff/profiles/knoch\.html$	/staff/ute-knoch [L,R=301]
RewriteRule	^/about/staff/profiles/knochbiblio\.html$	/staff/ute-knoch [L,R=301]
RewriteRule	^/about/staff/profiles/kretzenbacher\.html$	/staff/heinz-leonhard-leo-kretzenbacher [L,R=301]
RewriteRule	^/about/staff/profiles/lagerberg\.html$	/staff/robert-john-lagerberg [L,R=301]
RewriteRule	^/about/staff/profiles/lang\.html$	/staff/birgit-lang [L,R=301]
RewriteRule	^/about/staff/profiles/langbiblio\.html$	/staff/birgit-lang [L,R=301]
RewriteRule	^/about/staff/profiles/lewis\.html$	/staff/alison-lewis [L,R=301]
RewriteRule	^/about/staff/profiles/lewisbiblio\.html$	/staff/alison-lewis [L,R=301]
RewriteRule	^/about/staff/profiles/loakes\.html$	/staff/debbie-loakes [L,R=301]
RewriteRule	^/about/staff/profiles/macqueen\.html$	/staff/susy-macqueen [L,R=301]
RewriteRule	^/about/staff/profiles/martinez\.html$	/staff/alfredo-martinez-exposito [L,R=301]
RewriteRule	^/about/staff/profiles/martinezbiblio\.html$	/staff/alfredo-martinez-exposito [L,R=301]
RewriteRule	^/about/staff/profiles/mcgregor\.html$	/staff/andrew-mcgregor [L,R=301]
RewriteRule	^/about/staff/profiles/mcnamara\.html$	/staff/tim-mcnamara [L,R=301]
RewriteRule	^/about/staff/profiles/mcnamarabiblio\.html$	/staff/tim-mcnamara [L,R=301]
RewriteRule	^/about/staff/profiles/mera\.html$	/staff/henry-méra [L,R=301]
RewriteRule	^/about/staff/profiles/morton\.html$	/staff/janne-morton [L,R=301]
RewriteRule	^/about/staff/profiles/mulder\.html$	/staff/jean-mulder [L,R=301]
RewriteRule	^/about/staff/profiles/nordlinger\.html$	/staff/rachel-nordlinger [L,R=301]
RewriteRule	^/about/staff/profiles/perez\.html$	/staff/vicente-perez-de-leon [L,R=301]
RewriteRule	^/about/staff/profiles/rizzi\.html$	/staff/andrea-rizzi [L,R=301]
RewriteRule	^/about/staff/profiles/roever\.html$	/staff/carsten-roever [L,R=301]
RewriteRule	^/about/staff/profiles/roeverbiblio\.html$	/staff/carsten-roever [L,R=301]
RewriteRule	^/about/staff/profiles/singer\.html$	/staff/ruth-singer [L,R=301]
RewriteRule	^/about/staff/profiles/stirling\.html$	/staff/lesley-stirling [L,R=301]
RewriteRule	^/about/staff/profiles/storch\.html$	/staff/neomy-storch [L,R=301]
RewriteRule	^/about/staff/profiles/storchbiblio\.html$	/staff/neomy-storch [L,R=301]
RewriteRule	^/about/staff/profiles/sutton\.html$	/staff/katie-sutton [L,R=301]
RewriteRule	^/about/staff/profiles/thieberger\.html$	/staff/nick-thieberger [L,R=301]
RewriteRule	^/about/staff/profiles/thiebergerbiblio\.html$	/staff/nick-thieberger [L,R=301]
RewriteRule	^/about/staff/profiles/thompson\.html$	/staff/celia-thompson [L,R=301]
RewriteRule	^/about/staff/profiles/thompsonbiblio\.html$	/staff/celia-thompson [L,R=301]
RewriteRule	^/about/staff/profiles/wigglesworth\.html$	/staff/gillian-wigglesworth [L,R=301]
RewriteRule	^/about/staff/profiles/duckworth\.html$	/staff/colin-duckworth [L,R=301]
RewriteRule	^/about/staff/profiles/forsyth\.html$	/staff/elliott-forsyth [L,R=301]
RewriteRule	^/about/staff/profiles/freadman\.html$	/staff/anne-freadman [L,R=301]
RewriteRule	^/about/staff/profiles/kolsky\.html$	/staff/stephen-kolsky [L,R=301]
RewriteRule	^/about/staff/profiles/nettelbeck\.html$	/staff/colin-nettelbeck [L,R=301]
RewriteRule	^/research/seminars/previous$	/research/seminars-archive [L,R=301]
RewriteRule	^/research/projects/lamp$	/projects/lamp [L,R=301]
RewriteRule	^/research/projects/lamp/people\.html$	/projects/lamp-people [L,R=301]
RewriteRule	^/research/projects/lamp/graduate-researchers\.html$	/projects/lamp-graduate [L,R=301]
RewriteRule	^/research/projects/lamp/publications\.html$	/projects/lamp-publications [L,R=301]
RewriteRule	^/research/projects/bates\.html$	/projects/bates [L,R=301]
RewriteRule	^/research/projects/reciprocals$	/projects/reciprocals [L,R=301]
RewriteRule	^/research/projects/reciprocals/papers\.html$	/projects/reciprocals-papers [L,R=301]
RewriteRule	^/research/projects/reciprocals/seminars\.html$	/projects/reciprocals-seminars [L,R=301]
RewriteRule	^/research/projects/reciprocals/personnel\.html$	/projects/reciprocals-personnel [L,R=301]
RewriteRule	^/Areas-of-study$	/areas [L,R=301]
RewriteRule	^/areas-of-study/european-studies$	/areas/european [L,R=301]
RewriteRule	^/undergraduate$	/students/undergraduate [L,R=301]
RewriteRule	^/undergraduate/info-current-students$	/students/undergraduate [L,R=301]
RewriteRule	^/undergraduate/info-current-students/policies\.html$	/undergraduate/policies [L,R=301]
RewriteRule	^/undergraduate/info-current-students/generic\.html$	/undergraduate/generic-skills [L,R=301]
RewriteRule	^/undergraduate/honours$	/students/honours [L,R=301]
RewriteRule	^/undergraduate/honours/enrolment\.html$	/honours/enrolment [L,R=301]
RewriteRule	^/undergraduate/honours/honours-experience\.html$	/honours/experience [L,R=301]
RewriteRule	^/undergraduate/honours/study-abroad\.html$	/honours/study-abroad [L,R=301]
RewriteRule	^/undergraduate/honours/thesis\.html$	/honours/thesis [L,R=301]
RewriteRule	^/undergraduate/honours/german-topics\.html$	/honours/german-theses [L,R=301]
RewriteRule	^/postgraduate$	/students/graduate [L,R=301]
RewriteRule	^/postgraduate/study-options$	/graduate/study-options [L,R=301]
RewriteRule	^/postgraduate/support/facilities$	/graduate/facilities-resources [L,R=301]
RewriteRule	^/postgraduate/support$	/graduate/support-funding [L,R=301]
RewriteRule	^/postgraduate/support/schemes$	/graduate/funding-schemes [L,R=301]
RewriteRule	^/postgraduate/travel$	/graduate/student-travel [L,R=301]
RewriteRule	^/postgraduate/travel/fieldwork\.html$	/graduate/fieldwork-risk [L,R=301]
RewriteRule	^/postgraduate/travel/fieldwork-plan\.html$	/graduate/fieldwork-plan [L,R=301]
RewriteRule	^/undergraduate/mgl-scholarships$	/scholarships/undergraduate [L,R=301]
RewriteRule	^/about/careers$	/students/careers [L,R=301]
RewriteRule	^/community/vce-kit$	/community/vce [L,R=301]
RewriteRule	^/community/frenchtrust/candidates\.html$	/frenchtrust/candidates [L,R=301]
RewriteRule	^/community/frenchtrust/news-events\.html$	/frenchtrust/news-events [L,R=301]
RewriteRule	^/community/frenchtrust/annual-report\.html$	/frenchtrust/report [L,R=301]
RewriteRule	^/community/frenchtrust/french-at-melbourne\.html$	/frenchtrust/french-at-melbourne [L,R=301]
RewriteRule	^/community/ecoute-melbourne$	/community/podtour [L,R=301]
RewriteRule	^/$	/areas [L,R=301]
RewriteRule	^/undergraduate/french$	/french/study-options [L,R=301]
RewriteRule	^/studyabroad/french$	/study-abroad-exchange/french [L,R=301]
RewriteRule	^/activities/links/isfar\.html$	/french/isfar [L,R=301]
RewriteRule	^/undergraduate/italian$	/italian/study-options [L,R=301]
RewriteRule	^/studyabroad/italian$	/study-abroad-exchange/italian [L,R=301]
RewriteRule	^/studyabroad$	/students/study-abroad-exchange [L,R=301]
RewriteRule	^/undergraduate/spanish-latin-american$	/spanish-latin-american/study-options [L,R=301]
RewriteRule	^/studyabroad/spanish$	/study-abroad-exchange/spanish-latin-american [L,R=301]
RewriteRule	^/undergraduate$	/students/undergraduate [L,R=301]
RewriteRule	^/undergraduate/honours$	/students/honours [L,R=301]
RewriteRule	^/activities/extension$	/community/umep [L,R=301]
RewriteRule	^/$	/areas [L,R=301]
RewriteRule	^/study_areas/german\.html$	/areas/german [L,R=301]
RewriteRule	^/undergraduate/german\.html$	/german/study-option [L,R=301]
RewriteRule	^/undergraduate/study_abroad\.html$	/students/study-abroad-exchange [L,R=301]
RewriteRule	^/activities_and_links/$	/german/activities-links [L,R=301]
RewriteRule	^/activities_and_links/links\.html$	/german/external-links [L,R=301]
RewriteRule	^/study_areas/russian\.html$	/areas/russian [L,R=301]
RewriteRule	^/undergraduate/russian\.html$	/russian/study-options [L,R=301]
RewriteRule	^/study_areas/swedish\.html$	/areas/swedish [L,R=301]
RewriteRule	^/undergraduate/swedish\.html$	/swedish/study-options [L,R=301]
RewriteRule	^/undergraduate/swedish_online\.html$	/swedish/study-options [L,R=301]
RewriteRule	^/undergraduate/$	/students/undergraduate [L,R=301]
RewriteRule	^/undergraduate/scholarships\.html$	/scholarships/undergraduate [L,R=301]
RewriteRule	^/postgraduate/scholarships\.html$	/scholarships/graduate [L,R=301]
RewriteRule	^/$	/areas [L,R=301]
RewriteRule	^/areas/ling_appling$	/linguistics-applied-linguistics/study-options [L,R=301]
RewriteRule	^/undergraduate$	/students/undergraduate [L,R=301]
RewriteRule	^/undergraduate/options$	/undergraduate/study-options [L,R=301]
RewriteRule	^/undergraduate/honours$	/honours/linguistics-applied-linguistics [L,R=301]
RewriteRule	^/postgraduate/coursework$	/graduate/coursework [L,R=301]
RewriteRule	^/postgraduate/research$	/graduate/research [L,R=301]
RewriteRule	^/postgraduate/coursework/masters$	/graduate/ma-applied-linguistics [L,R=301]
RewriteRule	^/postgraduate/coursework/masters/online\.html$	/graduate/ma-applied-linguistics-online [L,R=301]
RewriteRule	^/undergraduate/careers$	/careers/linguistics-applied-linguistics [L,R=301]
RewriteRule	^/research/projects/ACLA2$	/projects/acla2 [L,R=301]
RewriteRule	^/research/projects/ACLA2/about\.html$	/projects/acla2-about [L,R=301]
RewriteRule	^/research/projects/ACLA2/events\.html$	/projects/acla2-events [L,R=301]
RewriteRule	^/research/projects/ACLA2/contact\.html$	/projects/acla2-acquisition [L,R=301]
RewriteRule	^/research/projects/ACLA2/regions\.html$	/projects/acla2-regions [L,R=301]
RewriteRule	^/research/projects/ACLA2/languages\.html$	/projects/acla2-languages [L,R=301]
RewriteRule	^/research/projects/ACLA2/people\.html$	/projects/acla2-people [L,R=301]
RewriteRule	^/research/projects/ACLA2/publications\.html$	/projects/acla2-publications [L,R=301]
RewriteRule	^/research/projects/ACLA2/contact_us\.html$	/projects/acla2-contact [L,R=301]
RewriteRule	^/research/projects/ACLA2/links\.html$	/projects/acla2-links [L,R=301]
RewriteRule	^/research/projects/austalk\.html$	/projects/austalk [L,R=301]
RewriteRule	^/research/projects/greatthings\.html$	/projects/great-things [L,R=301]
RewriteRule	^/research/projects/eopas$	/projects/eopas [L,R=301]
RewriteRule	^/research/projects/eopas/eopas-reqs\.html$	/projects/eopas-system [L,R=301]
RewriteRule	^/research/projects/eopas/98015A\.htm$	/research/projects/eopas-media [L,R=301]
RewriteRule	^/research/projects/eopas/octopus-and-rat\.html$	/research/projects/continuous-text-single-media-file [L,R=301]
RewriteRule	^/research/projects/lang_documentation$	/projects/documentation [L,R=301]
RewriteRule	^/research/phonetics$	/centres/phonetics [L,R=301]
