languages.unimelb.edu.au,about,/about
languages.unimelb.edu.au,about/welcome,/about/welcome
languages.unimelb.edu.au,about/events,/about/events
languages.unimelb.edu.au,about/staff,/about/staff
languages.unimelb.edu.au,about/contact,/about/contact
languages.unimelb.edu.au,about/staff,/about/staff
languages.unimelb.edu.au,about/staff/academic-staff,/staff/academic-staff
languages.unimelb.edu.au,about/staff/academic-staff/esl_staff.html,/staff/academic-staff/esl-staff
languages.unimelb.edu.au,about/staff/academic-staff/french_staff.html,/staff/academic-staff/french-studies-staff
languages.unimelb.edu.au,about/staff/academic-staff/german_staff.html,/staff/academic-staff/german-studies-staff
languages.unimelb.edu.au,about/staff/academic-staff/italian_staff.html,/staff/academic-staff/italian-studies-staff
languages.unimelb.edu.au,about/staff/academic-staff/russian_staff.html,/staff/academic-staff/russian-studies-staff
languages.unimelb.edu.au,about/staff/academic-staff/spanish_latin_american_staff.html,/staff/academic-staff/spanish-and-latin-american-studies-staff
languages.unimelb.edu.au,about/staff/academic-staff/swedish_staff.html,/staff/academic-staff/swedish-studies-staff
languages.unimelb.edu.au,about/staff/academic-staff/linguistics_staff.html,/staff/academic-staff/linguistics-and-applied-linguistics-staff
languages.unimelb.edu.au,about/staff/academic-administrators,/staff/academic-administrators
languages.unimelb.edu.au,about/staff/professional-staff,/staff/professional-staff
languages.unimelb.edu.au,about/staff/fellows,/staff/fellows
languages.unimelb.edu.au,about/staff/profiles/absalom.html,/staff/matthew-absalom
languages.unimelb.edu.au,about/staff/profiles/anderson.html,/staff/lara-anderson
languages.unimelb.edu.au,about/staff/profiles/andersonbiblio.html,/staff/lara-anderson
languages.unimelb.edu.au,about/staff/profiles/baker.html,/staff/brett-baker
languages.unimelb.edu.au,about/staff/profiles/bakerbiblio.html,/staff/brett-baker
languages.unimelb.edu.au,about/staff/profiles/benbow.html,/staff/heather-benbow
languages.unimelb.edu.au,about/staff/profiles/benbowbiblio.html,/staff/heather-benbow
languages.unimelb.edu.au,about/staff/profiles/bougeois.html,/staff/bertrand-bourgeois
languages.unimelb.edu.au,about/staff/profiles/saintleger.html,/staff/diane-de-saint-léger
languages.unimelb.edu.au,about/staff/profiles/do.html,/staff/tess-do
languages.unimelb.edu.au,about/staff/profiles/duche.html,/staff/véronique-duché-gavet
languages.unimelb.edu.au,about/staff/profiles/duchebiblio.html,/staff/véronique-duché-gavet
languages.unimelb.edu.au,about/staff/profiles/dutton.html,/staff/jacqueline-dutton
languages.unimelb.edu.au,about/staff/profiles/duttonbiblio.html,/staff/jacqueline-dutton
languages.unimelb.edu.au,about/staff/profiles/elder.html,/staff/catherine-elder
languages.unimelb.edu.au,about/staff/profiles/favoretto.html,/staff/mara-favoretto
languages.unimelb.edu.au,about/staff/profiles/favorettobiblio.html,/staff/mara-favoretto
languages.unimelb.edu.au,about/staff/profiles/fletcher.html,/staff/janet-fletcher
languages.unimelb.edu.au,about/staff/profiles/giordano.html,/staff/vita-giordano
languages.unimelb.edu.au,about/staff/profiles/gruba.html,/staff/paul-gruba
languages.unimelb.edu.au,about/staff/profiles/hajek.html,/staff/john-hajek
languages.unimelb.edu.au,about/staff/profiles/hajekbiblio.html,/staff/john-hajek
languages.unimelb.edu.au,about/staff/profiles/kelly.html,/staff/barbara-kelly
languages.unimelb.edu.au,about/staff/profiles/knoch.html,/staff/ute-knoch
languages.unimelb.edu.au,about/staff/profiles/knochbiblio.html,/staff/ute-knoch
languages.unimelb.edu.au,about/staff/profiles/kretzenbacher.html,/staff/heinz-leonhard-leo-kretzenbacher
languages.unimelb.edu.au,about/staff/profiles/lagerberg.html,/staff/robert-john-lagerberg
languages.unimelb.edu.au,about/staff/profiles/lang.html,/staff/birgit-lang
languages.unimelb.edu.au,about/staff/profiles/langbiblio.html,/staff/birgit-lang
languages.unimelb.edu.au,about/staff/profiles/lewis.html,/staff/alison-lewis
languages.unimelb.edu.au,about/staff/profiles/lewisbiblio.html,/staff/alison-lewis
languages.unimelb.edu.au,about/staff/profiles/loakes.html,/staff/debbie-loakes
languages.unimelb.edu.au,about/staff/profiles/macqueen.html,/staff/susy-macqueen
languages.unimelb.edu.au,about/staff/profiles/martinez.html,/staff/alfredo-martinez-exposito
languages.unimelb.edu.au,about/staff/profiles/martinezbiblio.html,/staff/alfredo-martinez-exposito
languages.unimelb.edu.au,about/staff/profiles/mcgregor.html,/staff/andrew-mcgregor
languages.unimelb.edu.au,about/staff/profiles/mcnamara.html,/staff/tim-mcnamara
languages.unimelb.edu.au,about/staff/profiles/mcnamarabiblio.html,/staff/tim-mcnamara
languages.unimelb.edu.au,about/staff/profiles/mera.html,/staff/henry-méra
languages.unimelb.edu.au,about/staff/profiles/morton.html,/staff/janne-morton
languages.unimelb.edu.au,about/staff/profiles/mulder.html,/staff/jean-mulder
languages.unimelb.edu.au,about/staff/profiles/nordlinger.html,/staff/rachel-nordlinger
languages.unimelb.edu.au,about/staff/profiles/perez.html,/staff/vicente-perez-de-leon
languages.unimelb.edu.au,about/staff/profiles/rizzi.html,/staff/andrea-rizzi
languages.unimelb.edu.au,about/staff/profiles/roever.html,/staff/carsten-roever
languages.unimelb.edu.au,about/staff/profiles/roeverbiblio.html,/staff/carsten-roever
languages.unimelb.edu.au,about/staff/profiles/singer.html,/staff/ruth-singer
languages.unimelb.edu.au,about/staff/profiles/stirling.html,/staff/lesley-stirling
languages.unimelb.edu.au,about/staff/profiles/storch.html,/staff/neomy-storch
languages.unimelb.edu.au,about/staff/profiles/storchbiblio.html,/staff/neomy-storch
languages.unimelb.edu.au,about/staff/profiles/sutton.html,/staff/katie-sutton
languages.unimelb.edu.au,about/staff/profiles/thieberger.html,/staff/nick-thieberger
languages.unimelb.edu.au,about/staff/profiles/thiebergerbiblio.html,/staff/nick-thieberger
languages.unimelb.edu.au,about/staff/profiles/thompson.html,/staff/celia-thompson
languages.unimelb.edu.au,about/staff/profiles/thompsonbiblio.html,/staff/celia-thompson
languages.unimelb.edu.au,about/staff/profiles/wigglesworth.html,/staff/gillian-wigglesworth
languages.unimelb.edu.au,about/staff/profiles/duckworth.html,/staff/colin-duckworth
languages.unimelb.edu.au,about/staff/profiles/forsyth.html,/staff/elliott-forsyth
languages.unimelb.edu.au,about/staff/profiles/freadman.html,/staff/anne-freadman
languages.unimelb.edu.au,about/staff/profiles/kolsky.html,/staff/stephen-kolsky
languages.unimelb.edu.au,about/staff/profiles/nettelbeck.html,/staff/colin-nettelbeck
languages.unimelb.edu.au,research,/research
languages.unimelb.edu.au,research/areas,/research/areas
languages.unimelb.edu.au,research/seminars,/research/seminars
languages.unimelb.edu.au,research/seminars/previous,/research/seminars-archive
languages.unimelb.edu.au,research/projects,/research/projects
languages.unimelb.edu.au,research/projects/lamp,/projects/lamp
languages.unimelb.edu.au,research/projects/lamp/people.html,/projects/lamp-people
languages.unimelb.edu.au,research/projects/lamp/graduate-researchers.html,/projects/lamp-graduate
languages.unimelb.edu.au,research/projects/lamp/publications.html,/projects/lamp-publications
languages.unimelb.edu.au,research/projects/bates.html,/projects/bates
languages.unimelb.edu.au,research/projects/reciprocals,/projects/reciprocals
languages.unimelb.edu.au,research/projects/reciprocals/papers.html,/projects/reciprocals-papers
languages.unimelb.edu.au,research/projects/reciprocals/seminars.html,/projects/reciprocals-seminars
languages.unimelb.edu.au,research/projects/reciprocals/personnel.html,/projects/reciprocals-personnel
languages.unimelb.edu.au,Areas-of-study,/areas
languages.unimelb.edu.au,areas/esl,/areas/esl
languages.unimelb.edu.au,areas-of-study/european-studies,/areas/european
languages.unimelb.edu.au,undergraduate,/students/undergraduate
languages.unimelb.edu.au,undergraduate/study-options,/undergraduate/study-options
languages.unimelb.edu.au,undergraduate/info-current-students,/students/undergraduate
languages.unimelb.edu.au,undergraduate/info-current-students/policies.html,/undergraduate/policies
languages.unimelb.edu.au,undergraduate/info-current-students/generic.html,/undergraduate/generic-skills
languages.unimelb.edu.au,undergraduate/honours,/students/honours
languages.unimelb.edu.au,undergraduate/honours/enrolment.html,/honours/enrolment
languages.unimelb.edu.au,undergraduate/honours/honours-experience.html,/honours/experience
languages.unimelb.edu.au,undergraduate/honours/study-abroad.html,/honours/study-abroad
languages.unimelb.edu.au,undergraduate/honours/thesis.html,/honours/thesis
languages.unimelb.edu.au,undergraduate/honours/german-topics.html,/honours/german-theses
languages.unimelb.edu.au,postgraduate,/students/graduate
languages.unimelb.edu.au,postgraduate/study-options,/graduate/study-options
languages.unimelb.edu.au,postgraduate/support/facilities,/graduate/facilities-resources
languages.unimelb.edu.au,postgraduate/support,/graduate/support-funding
languages.unimelb.edu.au,postgraduate/support/schemes,/graduate/funding-schemes
languages.unimelb.edu.au,postgraduate/travel,/graduate/student-travel
languages.unimelb.edu.au,postgraduate/travel/fieldwork.html,/graduate/fieldwork-risk
languages.unimelb.edu.au,postgraduate/travel/fieldwork-plan.html,/graduate/fieldwork-plan
languages.unimelb.edu.au,undergraduate/mgl-scholarships,/scholarships/undergraduate
languages.unimelb.edu.au,about/careers,/students/careers
languages.unimelb.edu.au,community,/community
languages.unimelb.edu.au,community/vce-kit,/community/vce
languages.unimelb.edu.au,community/frenchtrust/candidates.html,/frenchtrust/candidates
languages.unimelb.edu.au,community/frenchtrust/news-events.html,/frenchtrust/news-events
languages.unimelb.edu.au,community/frenchtrust/annual-report.html,/frenchtrust/report
languages.unimelb.edu.au,community/frenchtrust,/community/frenchtrust
languages.unimelb.edu.au,community/frenchtrust/french-at-melbourne.html,/frenchtrust/french-at-melbourne
languages.unimelb.edu.au,community/ecoute-melbourne,/community/podtour
fritss.unimelb.edu.au,,/areas
fritss.unimelb.edu.au,undergraduate/french,/french/study-options
fritss.unimelb.edu.au,studyabroad/french,/study-abroad-exchange/french
fritss.unimelb.edu.au,activities/links/isfar.html,/french/isfar
fritss.unimelb.edu.au,undergraduate/italian,/italian/study-options
fritss.unimelb.edu.au,studyabroad/italian,/study-abroad-exchange/italian
fritss.unimelb.edu.au,studyabroad,/students/study-abroad-exchange
fritss.unimelb.edu.au,undergraduate/spanish-latin-american,/spanish-latin-american/study-options
fritss.unimelb.edu.au,studyabroad/spanish,/study-abroad-exchange/spanish-latin-american
fritss.unimelb.edu.au,undergraduate,/students/undergraduate
fritss.unimelb.edu.au,undergraduate/honours,/students/honours
fritss.unimelb.edu.au,activities/extension,/community/umep
grs.unimelb.edu.au,,/areas
grs.unimelb.edu.au,study_areas/german.html,/areas/german
grs.unimelb.edu.au,undergraduate/german.html,/german/study-option
grs.unimelb.edu.au,undergraduate/study_abroad.html,/students/study-abroad-exchange
grs.unimelb.edu.au,activities_and_links/,/german/activities-links
grs.unimelb.edu.au,activities_and_links/links.html,/german/external-links
grs.unimelb.edu.au,study_areas/russian.html,/areas/russian
grs.unimelb.edu.au,undergraduate/russian.html,/russian/study-options
grs.unimelb.edu.au,study_areas/swedish.html,/areas/swedish
grs.unimelb.edu.au,undergraduate/swedish.html,/swedish/study-options
grs.unimelb.edu.au,undergraduate/swedish_online.html,/swedish/study-options
grs.unimelb.edu.au,undergraduate/,/students/undergraduate
grs.unimelb.edu.au,undergraduate/scholarships.html,/scholarships/undergraduate
grs.unimelb.edu.au,postgraduate/scholarships.html,/scholarships/graduate
linguistics.unimelb.edu.au,,/areas
linguistics.unimelb.edu.au,areas,/areas
linguistics.unimelb.edu.au,areas/ling_appling,/linguistics-applied-linguistics/study-options
linguistics.unimelb.edu.au,areas/esl,/areas/esl
linguistics.unimelb.edu.au,undergraduate,/students/undergraduate
linguistics.unimelb.edu.au,undergraduate/options,/undergraduate/study-options
linguistics.unimelb.edu.au,undergraduate/honours,/honours/linguistics-applied-linguistics
linguistics.unimelb.edu.au,postgraduate/coursework,/graduate/coursework
linguistics.unimelb.edu.au,postgraduate/research,/graduate/research
linguistics.unimelb.edu.au,postgraduate/coursework/masters,/graduate/ma-applied-linguistics
linguistics.unimelb.edu.au,postgraduate/coursework/masters/online.html,/graduate/ma-applied-linguistics-online
linguistics.unimelb.edu.au,undergraduate/careers,/careers/linguistics-applied-linguistics
linguistics.unimelb.edu.au,research/projects,/research/projects
linguistics.unimelb.edu.au,research/projects/ACLA2,/projects/acla2
linguistics.unimelb.edu.au,research/projects/ACLA2/about.html,/projects/acla2-about
linguistics.unimelb.edu.au,research/projects/ACLA2/events.html,/projects/acla2-events
linguistics.unimelb.edu.au,research/projects/ACLA2/contact.html,/projects/acla2-acquisition
linguistics.unimelb.edu.au,research/projects/ACLA2/regions.html,/projects/acla2-regions
linguistics.unimelb.edu.au,research/projects/ACLA2/languages.html,/projects/acla2-languages
linguistics.unimelb.edu.au,research/projects/ACLA2/people.html,/projects/acla2-people
linguistics.unimelb.edu.au,research/projects/ACLA2/publications.html,/projects/acla2-publications
linguistics.unimelb.edu.au,research/projects/ACLA2/contact_us.html,/projects/acla2-contact
linguistics.unimelb.edu.au,research/projects/ACLA2/links.html,/projects/acla2-links
linguistics.unimelb.edu.au,research/projects/austalk.html,/projects/austalk
linguistics.unimelb.edu.au,research/projects/greatthings.html,/projects/great-things
linguistics.unimelb.edu.au,research/projects/eopas,/projects/eopas
linguistics.unimelb.edu.au,research/projects/eopas/eopas-reqs.html,/projects/eopas-system
linguistics.unimelb.edu.au,research/projects/eopas/98015A.htm,/research/projects/eopas-media
linguistics.unimelb.edu.au,research/projects/eopas/octopus-and-rat.html,/research/projects/continuous-text-single-media-file
linguistics.unimelb.edu.au,research/projects/lang_documentation,/projects/documentation
linguistics.unimelb.edu.au,research/phonetics,/centres/phonetics
